"seed","rmse","mae","r2","spearman_rho","pearson_r"
42,0.0914454106508046,0.0713896588423866,0.19946608738493,0.423479403893363,0.446616264129431
43,0.0969937282688235,0.0761260396496974,0.158321060799266,0.420415149376495,0.397895791381696
44,0.0935361719221317,0.0730521306775128,0.197401521822656,0.428819920672398,0.444298910445047
45,0.094681569204507,0.0742556899495474,0.160153213966961,0.385819493721081,0.400191471631969
46,0.092407775635019,0.0719915488189431,0.18703156917695,0.443825875412939,0.432471466315351
