"seed","rmse","mae","r2","spearman_rho","pearson_r"
42,0.0913992974638494,0.0714185944695679,0.200107034176591,0.425942097650495,0.44733324734094
43,0.0969523535447565,0.076140601580123,0.15760489245043,0.422882605814148,0.396994826730059
44,0.0934846438956385,0.0730196600797573,0.198387297593887,0.430751254155122,0.445406889926376
45,0.0945129617448648,0.0742596788763,0.1616710035756,0.38649670419233,0.402083329144096
46,0.0924991998586518,0.0719995176970996,0.186126546731181,0.442580683669797,0.43142385971476
