mae;rmse;r2;spearman_rho;spearman_p;pearson_r;pearson_p;seed
0.12072225660085678;0.15181725563980702;0.23394876718521118;0.4498912048056584;2.273515445109418e-52;0.4874441;0.0;42
0.11810807883739471;0.15974645406335153;0.21713387966156006;0.4774480854828322;1.2334873949764717e-58;0.48691377;0.0;43
0.12050191313028336;0.15536953093907435;0.21711236238479614;0.4484097020115481;1.578774236360655e-50;0.47382772;0.0;44
0.12150099128484726;0.1539697862078866;0.19955867528915405;0.4343999943204283;5.738861223252814e-48;0.46287417;0.0;45
0.12125048041343689;0.15486884036065168;0.1810891032218933;0.4559905548013404;1.4386374631107394e-53;0.43828687;0.0;46
