mae,rmse,r2,spearman_rho,spearman_p,pearson_r,pearson_p,seed
0.12575216591358185,0.15492560455750012,0.20225894451141357,0.44440645004091595,5.3443309724785845e-51,0.48439753,0.0,42
0.12292172014713287,0.15948640491953664,0.21968060731887817,0.4639534065066163,4.741226009308847e-55,0.47035414,0.0,43
0.12107798457145691,0.15518535658892094,0.21896731853485107,0.45152217896193203,2.727389105834758e-51,0.4756986,0.0,44
0.1251705139875412,0.15523797355977098,0.18631869554519653,0.4290338999134363,1.0395160687238233e-46,0.45979983,0.0,45
0.12600713968276978,0.15640220381526773,0.16479265689849854,0.4655127078992954,4.831514117028185e-56,0.44850665,0.0,46
