mae,rmse,r2,spearman_rho,spearman_p,pearson_r,pearson_p,seed
0.12660875916481018,0.1559677495360651,0.19149047136306763,0.4318444780874234,5.961697440451314e-48,0.47103146,0.0,42
0.1230587512254715,0.1573958817975693,0.24000316858291626,0.4903556802166523,3.228710629193926e-62,0.49803168,0.0,43
0.12455563992261887,0.15717245438504318,0.1988375186920166,0.4410699458631246,9.238196454899128e-49,0.46599567,0.0,44
0.12727726995944977,0.1579062006637191,0.15810710191726685,0.42679560161951063,3.426961389904594e-46,0.4567623,0.0,45
0.12331494688987732,0.1552868363459369,0.17666256427764893,0.4505770436287292,3.387476528789523e-52,0.43773624,0.0,46
