mae,rmse,r2,spearman_rho,spearman_p,pearson_r,pearson_p,seed
0.0697900652885437,0.08712697738653623,0.24772924184799194,0.48618390067399075,4.2235654700726525e-62,0.5084651,0.0,42
0.06998633593320847,0.09139516877390078,0.2092617154121399,0.45949908300424724,6.673555414282814e-54,0.46559915,0.0,43
0.07193604856729507,0.09030940829334208,0.22591471672058105,0.45743104476181745,9.249940867945742e-53,0.49174815,0.0,44
0.07336016744375229,0.09186401346911387,0.16609668731689453,0.4445256448667262,2.1017256904171773e-50,0.4600894,0.0,45
0.07017581164836884,0.08973833824743395,0.19753873348236084,0.4251015967905841,4.6074592325804996e-46,0.4577585,0.0,46
