mae,rmse,r2,spearman_rho,spearman_p,pearson_r,pearson_p,seed
0.12167073041200638,0.15271712666751927,0.2248404622077942,0.43766163535529784,2.3991789097979127e-49,0.4755513,0.0,42
0.1180243194103241,0.16020160707331138,0.21266645193099976,0.47990433870212257,2.6377077066765474e-59,0.48149288,0.0,43
0.12213848531246185,0.15479825442758322,0.22285902500152588,0.4440175704478169,1.8241143083756553e-49,0.47284323,0.0,44
0.12261272966861725,0.15311191755967732,0.2084534764289856,0.43318631606912555,1.1100420685526635e-47,0.46089265,0.0,45
0.12053082138299942,0.15462616296830423,0.18365353345870972,0.4504269403828236,3.694582617748871e-52,0.43019348,0.0,46
