mae,rmse,r2,spearman_rho,spearman_p,pearson_r,pearson_p,seed
0.12342048436403275,0.15520114535343538,0.1994187831878662,0.4406270703883539,4.5525072866826545e-50,0.47472832,0.0,42
0.11797759681940079,0.16069476956653136,0.20781153440475464,0.46052594789521184,3.6400144529027454e-54,0.4766304,0.0,43
0.12451086938381195,0.15812569359864714,0.1890900731086731,0.42377853476386107,9.151024325264196e-45,0.45161313,0.0,44
0.1250421404838562,0.15617980572408507,0.17641538381576538,0.4398536814630785,2.863562847680504e-49,0.46926904,0.0,45
0.12291401624679565,0.15477757480477874,0.1820540428161621,0.45572437306847796,1.6826264720325146e-53,0.44335213,0.0,46
