mae,rmse,r2,spearman_rho,spearman_p,pearson_r,pearson_p,seed
0.12421874701976776,0.15364271634921908,0.2154158353805542,0.43796579939212305,2.0246756898009103e-49,0.47928277,0.0,42
0.1237805187702179,0.16071556283333624,0.2076064944267273,0.4571250918942007,2.688707101809497e-53,0.46165332,0.0,43
0.12412706017494202,0.15789374370599854,0.19146734476089478,0.432981800361652,7.303432795506551e-47,0.45225334,0.0,44
0.1262054741382599,0.15613498030573206,0.17688816785812378,0.4310292236754092,3.562031261088138e-47,0.45749712,0.0,45
0.12200143933296204,0.15525360700545107,0.17701488733291626,0.4564504793706436,1.0971150243886508e-53,0.43304944,0.0,46
