mae,rmse,r2,spearman_rho,spearman_p,pearson_r,pearson_p,seed
0.1211797371506691,0.1519630149427486,0.232477068901062,0.4452987512605477,3.2101178891603835e-51,0.48534554,0.0,42
0.12010238319635391,0.1570240398668544,0.2435898780822754,0.48300538129960446,3.6952007128409696e-60,0.49371254,0.0,43
0.1215687170624733,0.15578941170787358,0.21287518739700317,0.44499312587968654,1.0625429196409518e-49,0.4695834,0.0,44
0.12329555302858353,0.15455051290488064,0.19350939989089966,0.42575309683502316,5.95498683835413e-46,0.4576834,0.0,45
0.11842067539691925,0.15403102352994807,0.18992549180984497,0.462931735384419,2.3033947413619885e-55,0.4509106,0.0,46
