mae,rmse,r2,spearman_rho,spearman_p,pearson_r,pearson_p,seed
0.12232132256031036,0.1542597134420616,0.20910173654556274,0.4298210540804509,1.7962536320870504e-47,0.4745791,0.0,42
0.1211867406964302,0.1580259543756085,0.23390644788742065,0.483618893058424,2.498745586425231e-60,0.48600915,0.0,43
0.1232258677482605,0.157431948128911,0.19618988037109375,0.4482533283758544,1.723551510189147e-50,0.46754727,0.0,44
0.12233813107013702,0.15531627495973294,0.18549752235412598,0.4245167874445734,1.143866051594208e-45,0.45662805,0.0,45
0.12110340595245361,0.15545020448113578,0.17492932081222534,0.44316236232773326,2.340260105572852e-50,0.4307723,0.0,46
