mae,rmse,r2,spearman_rho,spearman_p,pearson_r,pearson_p,seed
0.06866549700498581,0.08579343945417921,0.27058106660842896,0.4987675804887658,9.308342940673227e-66,0.5235202,0.0,42
0.06978536397218704,0.0899472625101567,0.23411738872528076,0.48163292689283255,8.840969031026407e-60,0.484372,0.0,43
0.07165856659412384,0.08986703944001283,0.23347961902618408,0.45946305165085866,2.844772951637183e-53,0.48815486,0.0,44
0.07094995677471161,0.08979236128258858,0.20328384637832642,0.4441719214854884,2.564948604840567e-50,0.4598376,0.0,45
0.06988229602575302,0.08815493841541068,0.22560721635818481,0.4512125899354303,2.3447122610733187e-52,0.48571402,0.0,46
