mae,rmse,r2,spearman_rho,spearman_p,pearson_r,pearson_p,seed
0.06819003820419312,0.0849320346077041,0.28515487909317017,0.5164571071630991,3.656679485179721e-71,0.53682,0.0,42
0.06877830624580383,0.08948631816017792,0.24194687604904175,0.49294633948946004,5.907800429230035e-63,0.49510962,0.0,43
0.07143936306238174,0.08974776115985494,0.23551297187805176,0.4652674806551244,9.377440020911662e-55,0.49538255,0.0,44
0.07019075006246567,0.08878335037351827,0.22108882665634155,0.45974236325666656,3.185635231829285e-54,0.47565594,0.0,45
0.06946928799152374,0.08815385817738405,0.22562623023986816,0.44918283644745666,7.572175303628038e-52,0.48573902,0.0,46
