mae,rmse,r2,spearman_rho,spearman_p,pearson_r,pearson_p,seed
0.0687205120921135,0.0857051015346032,0.2720823884010315,0.49645173023135897,4.501542882951351e-65,0.5250708,0.0,42
0.06946578621864319,0.09023158184699158,0.2292678952217102,0.4784603469508856,6.542068701589937e-59,0.48539865,0.0,43
0.07234597206115723,0.091028635994204,0.2135358452796936,0.44155858865490566,7.06759434209234e-49,0.47726372,0.0,44
0.07167363166809082,0.09035663785091935,0.19323885440826416,0.4447088691925646,1.895520990621858e-50,0.4623256,0.0,45
0.0699891671538353,0.08914225838424299,0.20816397666931152,0.43585562711246634,1.3736811130217777e-48,0.47126397,0.0,46
