mae,rmse,r2,spearman_rho,spearman_p,pearson_r,pearson_p,seed
0.06803715974092484,0.08573303499664127,0.27160775661468506,0.504036064910437,2.4657521071757743e-67,0.5265775,0.0,42
0.07011836767196655,0.09073500061640616,0.2206438183784485,0.4835001989177878,2.695392960565575e-60,0.4850196,0.0,43
0.07247878611087799,0.09152642444225272,0.20491081476211548,0.44955103568265964,8.310067021208796e-51,0.48345563,0.0,44
0.07073898613452911,0.0901885878417351,0.1962369680404663,0.4418373034280001,9.494085375531008e-50,0.45650563,0.0,45
0.06892158091068268,0.0883879472523507,0.22150814533233643,0.4372155300930425,6.48604966963422e-49,0.47861278,0.0,46
