mae,rmse,r2,spearman_rho,spearman_p,pearson_r,pearson_p,seed
0.06904048472642899,0.08677597810253204,0.25377821922302246,0.5037558967302871,2.995734232733705e-67,0.52406806,0.0,42
0.06957137584686279,0.09085548396647333,0.2185726761817932,0.4810114430755853,1.3106681175747308e-59,0.48600036,0.0,43
0.07158432900905609,0.0898382869386369,0.23396998643875122,0.4517471714669462,2.400578860014364e-51,0.48895,0.0,44
0.07204051315784454,0.0904715362920255,0.19118577241897583,0.4488957709388621,1.7595774267844502e-51,0.46407136,0.0,45
0.0683402270078659,0.08751357582055173,0.23683422803878784,0.4421750478931074,4.0811021694730937e-50,0.48901615,0.0,46
