mae,rmse,r2,spearman_rho,spearman_p,pearson_r,pearson_p,seed
0.12345951795578003,0.15381176052163759,0.2136884331703186,0.4288907356187033,2.97515242435995e-47,0.47200984,0.0,42
0.1199648380279541,0.1602946474311157,0.21175163984298706,0.47292716503352483,2.0416823812891003e-57,0.4651147,0.0,43
0.12408682703971863,0.15710687524370867,0.19950592517852783,0.44294866612485906,3.291097066209383e-49,0.46553618,0.0,44
0.128502756357193,0.15727425675218804,0.16483217477798462,0.432104280319449,1.9943230302670727e-47,0.46407953,0.0,45
0.12464732676744461,0.15593638537243631,0.16976022720336914,0.45969832697588014,1.599396074178927e-54,0.44151756,0.0,46
