mae;rmse;r2;spearman_rho;spearman_p;pearson_r;pearson_p;seed
0.0708022490143776;0.08819208104298323;0.22922420501708984;0.4756961927786609;3.6226123591849064e-59;0.4990641;0.0;42
0.07127408683300018;0.09204440528031287;0.19798749685287476;0.44612628406052107;1.4855474551025597e-50;0.45470852;0.0;43
0.07148630172014236;0.09028378306440366;0.2263539433479309;0.46694756657175074;3.449673490541877e-55;0.5003433;0.0;44
0.07183752208948135;0.09105009830026752;0.18080800771713257;0.4364202979613593;1.9023971804493496e-48;0.45362854;0.0;45
0.0707240104675293;0.08989640952445385;0.19470924139022827;0.4232713178031699;1.2141906700813856e-45;0.45841688;0.0;46
