{
    "Pos" : {
        "learning_rate" : 0.00010031068555179627,
        "batch_size" : 4,
        "num_epochs" : 23,
        "weight_decay" : 2.9538646784113017e-05,
        "num_layers" : [5, 2, 1, 5, 4, 1, 1, 1, 5],
        "dropout" : 0.23416626857776196,
        "se_reduction" : 6,
        "hidden_dim_min" : 13,
        "base_loss" : "huber",
        "huber_delta" : 0.08561861909432897,
        "focal_gamma" : 1.3185985073893693,
        "n_bins" : 13,
        "scheduler_patience": 4,
        "scheduler_factor" : 0.43198420944350174,
        "early_stopping_patience" : 5  
    },
    
    "Neg" : {
        "learning_rate" : 0.0005612239698890053,
        "batch_size" : 4,
        "num_epochs" : 17,
        "weight_decay" : 0.0021287671241259944,
        "num_layers" : [4, 1, 3, 3, 3, 4, 4, 4, 2],
        "dropout" : 0.16661646377244627,
        "se_reduction" : 4,
        "hidden_dim_min" : 16,
        "base_loss" : "huber",
        "huber_delta" : 0.07036973928004242,
        "focal_gamma" : 2.3580799711413936,
        "n_bins" : 6,
        "scheduler_patience" : 5,
        "scheduler_factor" : 0.6665989953904287,
        "early_stopping_patience" : 6
    }, 
    
    "default": {
        "learning_rate" : 1.82e-4,
        "batch_size" : 8,
        "num_epochs" : 15,
        "weight_decay" : 1e-3,
        "num_layers" : 5,
        "dropout" : 0.3,
        "se_reduction" : 2,
        "base_loss" : "huber",
        "huber_delta" : 0.05,
        "focal_gamma" : 2.0,
        "n_bins" : 10,
        "hidden_dim_min": 8
    }
}