{
    "Pos" : {
        "learning_rate" : 0.0013763607938104196,
        "batch_size" : 4,
        "num_epochs" : 21,
        "weight_decay" : 0.003675633147123033,
        "num_layers" : [2, 4, 6, 1, 3, 4, 3, 5, 3],
        "dropout" : 0.30964103036281887,
        "se_reduction" : 8,
        "hidden_dim_min" : 5,
        "base_loss" : "huber",
        "huber_delta" : 0.08209149216493337,
        "focal_gamma" : 0.7737399416408333,
        "n_bins" : 7,
        "scheduler_patience": 4,
        "scheduler_factor" : 0.6380817676841847,
        "early_stopping_patience" : 5  
    },
    
    "Neg" : {
        "learning_rate" : 0.0007723851956271341,
        "batch_size" : 4,
        "num_epochs" : 18,
        "weight_decay" : 4.029949877032903e-05,
        "num_layers" : [4, 7, 1, 7, 4, 5, 3, 3, 5],
        "dropout" : 0.24233091212431557,
        "se_reduction" : 3,
        "hidden_dim_min" : 4,
        "base_loss" : "huber",
        "huber_delta" : 0.17438262633923302,
        "focal_gamma" : 1.3043544590836897,
        "n_bins" : 18,
        "scheduler_patience" : 5,
        "scheduler_factor" : 0.48602426412499666,
        "early_stopping_patience" : 4
    }, 
    
    "default": {
        "learning_rate" : 1.82e-4,
        "batch_size" : 8,
        "num_epochs" : 15,
        "weight_decay" : 1e-3,
        "num_layers" : 5,
        "dropout" : 0.3,
        "se_reduction" : 2,
        "base_loss" : "huber",
        "huber_delta" : 0.05,
        "focal_gamma" : 2.0,
        "n_bins" : 10,
        "hidden_dim_min": 8
    }
}