{
    "Pos" : {
        "learning_rate" : 0.0014309323651807086,
        "batch_size" : 4,
        "num_epochs" : 30,
        "weight_decay" : 0.004771587471653592,
        "num_layers" : [3, 3, 4, 4, 3, 1, 4, 1, 1],
        "dropout" : 0.3739860514488121,
        "se_reduction" : 6,
        "hidden_dim_min" : 4,
        "base_loss" : "huber",
        "huber_delta" : 0.07583418438994234,
        "focal_gamma" : 2.232660448508375,
        "n_bins" : 9,
        "scheduler_patience": 2,
        "scheduler_factor" : 0.5903610082320528,
        "early_stopping_patience" : 7  
    },
    
    "Neg" : {
        "learning_rate" : 0.0004855152971163052,
        "batch_size" : 4,
        "num_epochs" : 12,
        "weight_decay" : 1.3785146058868597e-05,
        "num_layers" : [4, 4, 3, 3, 4, 2, 3, 2, 2],
        "dropout" : 0.29289702899627734,
        "se_reduction" : 7,
        "hidden_dim_min" : 8,
        "base_loss" : "huber",
        "huber_delta" : 0.10727768027372797,
        "focal_gamma" : 2.158356912573688,
        "n_bins" : 9,
        "scheduler_patience" : 4,
        "scheduler_factor" : 0.43874458411714623,
        "early_stopping_patience" : 5
    }, 
    
    "default": {
        "learning_rate" : 1.82e-4,
        "batch_size" : 8,
        "num_epochs" : 15,
        "weight_decay" : 1e-3,
        "num_layers" : 5,
        "dropout" : 0.3,
        "se_reduction" : 2,
        "base_loss" : "huber",
        "huber_delta" : 0.05,
        "focal_gamma" : 2.0,
        "n_bins" : 10,
        "hidden_dim_min": 8
    }
}