{
    "Pos" : {
        "learning_rate" : 0.00010031068555179627,
        "batch_size" : 4,
        "num_epochs" : 23,
        "weight_decay" : 2.9538646784113017e-05,
        "num_layers" : [5, 2, 1, 5, 4, 1, 1, 1, 5],
        "dropout" : 0.23416626857776196,
        "se_reduction" : 6,
        "hidden_dim_min" : 13,
        "base_loss" : "huber",
        "huber_delta" : 0.08561861909432897,
        "focal_gamma" : 1.3185985073893693,
        "n_bins" : 13,
        "scheduler_patience": 4,
        "scheduler_factor" : 0.43198420944350174,
        "early_stopping_patience" : 5  
    },
    
    "Neg" : {
        "learning_rate" : 0.00032197827647188076,
        "batch_size" : 6,
        "num_epochs" : 20,
        "weight_decay" : 0.00017909746532700484,
        "num_layers" : [1, 4, 2, 1, 1, 2, 2, 2, 3],
        "dropout" : 0.3257582305329585,
        "se_reduction" : 5,
        "hidden_dim_min" : 5,
        "base_loss" : "huber",
        "huber_delta" : 0.11604413319809123,
        "focal_gamma" : 2.6180173824310518,
        "n_bins" : 10,
        "scheduler_patience" : 2,
        "scheduler_factor" : 0.5491628937770906,
        "early_stopping_patience" : 7
    }, 
    
    "default": {
        "learning_rate" : 1.82e-4,
        "batch_size" : 8,
        "num_epochs" : 15,
        "weight_decay" : 1e-3,
        "num_layers" : 5,
        "dropout" : 0.3,
        "se_reduction" : 2,
        "base_loss" : "huber",
        "huber_delta" : 0.05,
        "focal_gamma" : 2.0,
        "n_bins" : 10,
        "hidden_dim_min": 8
    }
}