{
    "Pos" : {
        "learning_rate" : 0.00016915209942403402,
        "batch_size" : 4,
        "num_epochs" : 23,
        "weight_decay" : 1.5680908594903703e-05,
        "num_layers" : 2,
        "dropout" : 0.41408286004642436,
        "se_reduction" : 3,
        "hidden_dim_min" : 8,
        "base_loss" : "huber",
        "huber_delta" : 0.020573324907960495,
        "focal_gamma" : 2.395966631523962,
        "n_bins" : 16        
    },
    
    "Neg" : {
        "learning_rate" : 0.0005516856707508433,
        "batch_size" : 4,
        "num_epochs" : 14,
        "weight_decay" : 0.0007782956577174175,
        "num_layers" : 7,
        "dropout" : 0.4042154924389091,
        "se_reduction" : 4,
        "hidden_dim_min" : 11,
        "base_loss" : "huber",
        "huber_delta" : 0.10348155508077449,
        "focal_gamma" : 2.304350856101485,
        "n_bins" : 10
        
    }, 
    "default": {
        "learning_rate" : 1.82e-4,
        "batch_size" : 8,
        "num_epochs" : 15,
        "weight_decay" : 1e-3,
        "num_layers" : 5,
        "dropout" : 0.3,
        "se_reduction" : 2,
        "base_loss" : "huber",
        "huber_delta" : 0.05,
        "focal_gamma" : 2.0,
        "n_bins" : 10,
        "hidden_dim_min": 8
    }
}