{
    "Pos" : {
        "learning_rate" : 0.0005290143613782196,
        "batch_size" : 4,
        "num_epochs" : 12,
        "weight_decay" : 2.9403379028811774e-05,
        "num_layers" : [1, 4, 5, 5, 1, 1, 2, 4, 1],
        "dropout" : 0.24404259470937037,
        "se_reduction" : 2,
        "hidden_dim_min" : 13,
        "base_loss" : "huber",
        "huber_delta" : 0.03342532350375165,
        "focal_gamma" : 2.6381167276961652,
        "n_bins" : 10,
        "scheduler_patience": 2,
        "scheduler_factor" : 0.3731385035657518,
        "early_stopping_patience" : 7  
    },
    
    "Neg" : {
        "learning_rate" : 0.0005612239698890053,
        "batch_size" : 4,
        "num_epochs" : 17,
        "weight_decay" : 0.0021287671241259944,
        "num_layers" : [4, 1, 3, 3, 3, 4, 4, 4, 2],
        "dropout" : 0.16661646377244627,
        "se_reduction" : 4,
        "hidden_dim_min" : 16,
        "base_loss" : "huber",
        "huber_delta" : 0.07036973928004242,
        "focal_gamma" : 2.3580799711413936,
        "n_bins" : 6,
        "scheduler_patience" : 5,
        "scheduler_factor" : 0.6665989953904287,
        "early_stopping_patience" : 6
    }, 
    
    "default": {
        "learning_rate" : 1.82e-4,
        "batch_size" : 8,
        "num_epochs" : 15,
        "weight_decay" : 1e-3,
        "num_layers" : 5,
        "dropout" : 0.3,
        "se_reduction" : 2,
        "base_loss" : "huber",
        "huber_delta" : 0.05,
        "focal_gamma" : 2.0,
        "n_bins" : 10,
        "hidden_dim_min": 8
    }
}