{
    "Pos" : {
        "learning_rate" : 0.0011622094236071459,
        "batch_size" : 6,
        "num_epochs" : 20,
        "weight_decay" : 0.008315519027371241,
        "num_layers" : [3, 3, 3, 2, 2, 1, 1, 1, 3],
        "dropout" : 0.351868419834437,
        "se_reduction" : 3,
        "hidden_dim_min" : 12,
        "base_loss" : "huber",
        "huber_delta" : 0.0800157774298892,
        "focal_gamma" : 1.0058271925484807,
        "n_bins" : 9,
        "scheduler_patience": 4,
        "scheduler_factor" : 0.5958601214167557,
        "early_stopping_patience" : 7  
    },
    
    "Neg" : {
        "learning_rate" : 0.00010892243590654202,
        "batch_size" : 4,
        "num_epochs" : 10,
        "weight_decay" : 2.5106934535445933e-05,
        "num_layers" : [4, 4, 3, 5, 5, 1, 2, 5, 2],
        "dropout" : 0.23375729624623998,
        "se_reduction" : 6,
        "hidden_dim_min" : 16,
        "base_loss" : "huber",
        "huber_delta" : 0.017386805242709056,
        "focal_gamma" : 2.9690254319936473,
        "n_bins" : 5,
        "scheduler_patience" : 3,
        "scheduler_factor" : 0.5669027136034561,
        "early_stopping_patience" : 4
    }, 
    
    "default": {
        "learning_rate" : 1.82e-4,
        "batch_size" : 8,
        "num_epochs" : 15,
        "weight_decay" : 1e-3,
        "num_layers" : 5,
        "dropout" : 0.3,
        "se_reduction" : 2,
        "base_loss" : "huber",
        "huber_delta" : 0.05,
        "focal_gamma" : 2.0,
        "n_bins" : 10,
        "hidden_dim_min": 8
    }
}