Modality,High SCZ gate (mean),High SCZ gate (std),Low SCZ gate (mean),Low SCZ gate (std),Difference,p_value
PRS,0.50062776,5.9604645e-08,0.50062764,5.9604645e-08,1.1920929e-07,1.0
SCZ15,0.5009997,0.0,0.5009996,5.9604645e-08,5.9604645e-08,1.0
ADHD9,0.500651,0.0,0.50065094,5.9604645e-08,5.9604645e-08,1.0
SUD18,0.50346726,0.0,0.5034672,5.9604645e-08,5.9604645e-08,1.0
ACE15,0.49929923,5.9604645e-08,0.4992992,8.940697e-08,2.9802322e-08,1.0
SEX,0.4996092,2.9802322e-08,0.49960917,5.9604645e-08,2.9802322e-08,1.0
ASD9,0.5000563,5.9604645e-08,0.5000563,5.9604645e-08,0.0,1.0
SES,0.49972528,2.9802322e-08,0.4997253,5.9604645e-08,-2.9802322e-08,1.0
ACE18,0.50506383,0.0,0.5050639,5.9604645e-08,-5.9604645e-08,1.0
